<NotepadPlus>
    <UserLang name="c3m" ext="c3m" udlVersion="2.1">
        <Settings>
            <Global caseIgnored="no" allowFoldOfComments="no" foldCompact="no" forcePureLC="0" decimalSeparator="0" />
            <Prefix Keywords1="no" Keywords2="no" Keywords3="no" Keywords4="no" Keywords5="no" Keywords6="no" Keywords7="no" Keywords8="no" />
        </Settings>
        <KeywordLists>
            <Keywords name="Comments">00# 01 02 03 04</Keywords>
            <Keywords name="Numbers, prefix1"></Keywords>
            <Keywords name="Numbers, prefix2"></Keywords>
            <Keywords name="Numbers, extras1"></Keywords>
            <Keywords name="Numbers, extras2"></Keywords>
            <Keywords name="Numbers, suffix1"></Keywords>
            <Keywords name="Numbers, suffix2"></Keywords>
            <Keywords name="Numbers, range"></Keywords>
            <Keywords name="Operators1">^</Keywords>
            <Keywords name="Operators2"></Keywords>
            <Keywords name="Folders in code1, open"></Keywords>
            <Keywords name="Folders in code1, middle"></Keywords>
            <Keywords name="Folders in code1, close"></Keywords>
            <Keywords name="Folders in code2, open"></Keywords>
            <Keywords name="Folders in code2, middle"></Keywords>
            <Keywords name="Folders in code2, close"></Keywords>
            <Keywords name="Folders in comment, open"></Keywords>
            <Keywords name="Folders in comment, middle"></Keywords>
            <Keywords name="Folders in comment, close"></Keywords>
            <Keywords name="Keywords1">startevent maybestartevent recurringevent turnevent itemlocevent ownslocevent ownslocterrevent ownsterrevent hasmonevent comlocevent onflagevent chainevent maybechainevent chanceevent onechanceevent classterrevent ritualevent</Keywords>
            <Keywords name="Keywords2">icon description event endevent</Keywords>
            <Keywords name="Keywords3">playercolor lighttextcolor darktextcolor titletextcolor tablecolor guibordertex guiborderthintex guititletex guibordersquaretex guiborder2tex guiborder3tex guibartex guisbartex guibardarktex guihbartex</Keywords>
            <Keywords name="Keywords4">newweapon selectweapon wtrgrank wdmgtype wdmg waoe wspec wlook wsound wnext wnextdmg wmundane wnostr wan</Keywords>
            <Keywords name="Keywords5">selectmonster newmonster copystats name spr1 spr2 hp mr str armor mor rank move clearspec lucky fireres coldres poisonres shockres diseaseres firevul coldvul human undead animal inanimate holy immortal acutesenses spiritsight badsight stealth foreststealth invisible sleepres charmres bluntres slashres pierceres ethereal shield largeshield noheal fear berserker fastheal noleader regeneration rearpos allitemslots weaponslots noslots nobootslot miscslots growhp shrinkhp firstshape secondshape classcost leadership localleadership burnforest randomitem randomweapon randommisc randomrare indepitem awe terraform slavehunt armytrainer lookslike poisonexpl fireexpl shardexpl spawnmonster more1spells more2spells more3spells eatvillage nametype unique loner gold iron trade fireaura coldaura shockaura poisonaura aihold eatdead eatdeadcap scry scrycost immortalap digest incorporate hpoverflow spawnnextmon absorbdead sacrlimit airshield extraeyes look vengeance power startitem sumpow amountlevels sumcost sumcosttype sumcostB sumcosttypeB mastery masterycost masterycosttype masterycostB masterycosttypeB montag ctrlchance sumamount chainsum gatherherbs gatherfungus gathersacr gatherhands gatherweed gathergems gatherrelics ritualname dosename masteryname sumterreq masteryterreq clearweapons meleeweapon meleeweaponbonus meleeweaponlong rangedweapon rangedweaponbonus rangedweapon25 rangedweapon50 spellweapon spellweaponbonus spellweapon50 spellweaponsingle siegeweapon assassinweapon prebatweapon</Keywords>
            <Keywords name="Keywords6">selectclass newclass clearrec addunitrec addmercrec addcomrec templerec libraryrec stdtroops nostdtroops recwizchance recherochance recasschance goldbonus ironbonus tradebonus reqterr clearstartunits addstartunits addstartcom setmaincom setclassname hometerr clearstartterr addstartterr classdescr libbonusdescr templebonusdescr</Keywords>
            <Keywords name="Keywords7"></Keywords>
            <Keywords name="Keywords8"></Keywords>
            <Keywords name="Delimiters">00&quot; 01 02&quot; 03 04 05 06 07 08 09 10 11 12 13 14 15 16 17 18 19 20 21 22 23</Keywords>
        </KeywordLists>
        <Styles>
            <WordsStyle name="DEFAULT" fgColor="000000" bgColor="FFFFFF" fontName="" fontStyle="0" nesting="0" />
            <WordsStyle name="COMMENTS" fgColor="000000" bgColor="FFFFFF" fontName="" fontStyle="0" nesting="0" />
            <WordsStyle name="LINE COMMENTS" fgColor="008000" bgColor="FFFFFF" fontName="" fontStyle="0" nesting="0" />
            <WordsStyle name="NUMBERS" fgColor="FF0000" bgColor="FFFFFF" fontName="" fontStyle="0" nesting="0" />
            <WordsStyle name="KEYWORDS1" fgColor="0000FF" bgColor="FFFFFF" fontName="" fontStyle="1" nesting="0" />
            <WordsStyle name="KEYWORDS2" fgColor="0000FF" bgColor="FFFFFF" fontName="" fontStyle="1" nesting="0" />
            <WordsStyle name="KEYWORDS3" fgColor="0000FF" bgColor="FFFFFF" fontName="" fontStyle="1" nesting="0" />
            <WordsStyle name="KEYWORDS4" fgColor="0000FF" bgColor="FFFFFF" fontName="" fontStyle="1" nesting="0" />
            <WordsStyle name="KEYWORDS5" fgColor="0000FF" bgColor="FFFFFF" fontName="" fontStyle="1" nesting="0" />
            <WordsStyle name="KEYWORDS6" fgColor="0000FF" bgColor="FFFFFF" fontName="" fontStyle="1" nesting="0" />
            <WordsStyle name="KEYWORDS7" fgColor="0000FF" bgColor="FFFFFF" fontName="" fontStyle="1" nesting="0" />
            <WordsStyle name="KEYWORDS8" fgColor="0000FF" bgColor="FFFFFF" fontName="" fontStyle="1" nesting="0" />
            <WordsStyle name="OPERATORS" fgColor="FF00FF" bgColor="FFFFFF" fontName="" fontStyle="1" nesting="0" />
            <WordsStyle name="FOLDER IN CODE1" fgColor="000000" bgColor="FFFFFF" fontName="" fontStyle="1" nesting="0" />
            <WordsStyle name="FOLDER IN CODE2" fgColor="000000" bgColor="FFFFFF" fontName="" fontStyle="1" nesting="0" />
            <WordsStyle name="FOLDER IN COMMENT" fgColor="000000" bgColor="FFFFFF" fontName="" fontStyle="0" nesting="0" />
            <WordsStyle name="DELIMITERS1" fgColor="808080" bgColor="FFFFFF" fontName="" fontStyle="0" nesting="16777216" />
            <WordsStyle name="DELIMITERS2" fgColor="000000" bgColor="FFFFFF" fontName="" fontStyle="0" nesting="0" />
            <WordsStyle name="DELIMITERS3" fgColor="000000" bgColor="FFFFFF" fontName="" fontStyle="0" nesting="0" />
            <WordsStyle name="DELIMITERS4" fgColor="000000" bgColor="FFFFFF" fontName="" fontStyle="0" nesting="0" />
            <WordsStyle name="DELIMITERS5" fgColor="000000" bgColor="FFFFFF" fontName="" fontStyle="0" nesting="0" />
            <WordsStyle name="DELIMITERS6" fgColor="000000" bgColor="FFFFFF" fontName="" fontStyle="0" nesting="0" />
            <WordsStyle name="DELIMITERS7" fgColor="000000" bgColor="FFFFFF" fontName="" fontStyle="0" nesting="0" />
            <WordsStyle name="DELIMITERS8" fgColor="000000" bgColor="FFFFFF" fontName="" fontStyle="0" nesting="0" />
        </Styles>
    </UserLang>
</NotepadPlus>
