<NotepadPlus>
    <UserLang name="c4m" ext="c4m" udlVersion="2.1">
        <Settings>
            <Global caseIgnored="no" allowFoldOfComments="no" foldCompact="no" forcePureLC="0" decimalSeparator="0" />
            <Prefix Keywords1="no" Keywords2="no" Keywords3="no" Keywords4="no" Keywords5="no" Keywords6="no" Keywords7="no" Keywords8="no" />
        </Settings>
        <KeywordLists>
            <Keywords name="Comments">00# 01 02 03 04</Keywords>
            <Keywords name="Numbers, prefix1"></Keywords>
            <Keywords name="Numbers, prefix2"></Keywords>
            <Keywords name="Numbers, extras1"></Keywords>
            <Keywords name="Numbers, extras2"></Keywords>
            <Keywords name="Numbers, suffix1"></Keywords>
            <Keywords name="Numbers, suffix2"></Keywords>
            <Keywords name="Numbers, range"></Keywords>
            <Keywords name="Operators1">^</Keywords>
            <Keywords name="Operators2"></Keywords>
            <Keywords name="Folders in code1, open"></Keywords>
            <Keywords name="Folders in code1, middle"></Keywords>
            <Keywords name="Folders in code1, close"></Keywords>
            <Keywords name="Folders in code2, open"></Keywords>
            <Keywords name="Folders in code2, middle"></Keywords>
            <Keywords name="Folders in code2, close"></Keywords>
            <Keywords name="Folders in comment, open"></Keywords>
            <Keywords name="Folders in comment, middle"></Keywords>
            <Keywords name="Folders in comment, close"></Keywords>
            <Keywords name="Keywords1">squareevent playerevent endevent +squareowner +armyowner +turnnbr +minturnnbr +chance +player +class +hascom +hascomhere +ownsloc +terrain +season +seasonleft +varequal +varlesser +hasunit +hasunithere -squareowner -armyowner -turnnbr -minturnnbr -chance -player -class -hascom -hascomhere -ownsloc -terrain -season -seasonleft -varequal -varlesser -hasunit -hasunithere killsquare makestationary addresources message newunits promoteunits alterterrain setloc scatterloc comname newitem randitem randmisc killunit promote setvar addvar</Keywords>
            <Keywords name="Keywords2">icon description</Keywords>
            <Keywords name="Keywords3">playercolor tablecolor guibordertex guiborderthintex guititletex guibordersquaretex guiborder2tex guiborder3tex guibartex guisbartex guibardarktex guihbartex</Keywords>
            <Keywords name="Keywords4">newritpow newritual selectritual addstring clearritspec ritpow level terr cost summoning defctrl varcost newrit levelreq soundfx squarespec scryloc teleportloc resrestrict resreq transformtarg raisedead gainrit bentarg reducetown apcost destroyterr rebatelvl alterloc benrestrict gainbless ornext ornext2 ornext3 mirrortarg selectfx setfx fillmirror castertarg trollifyloc scatterscry choosefxtarg setplane planereq killtarg makeportal centerloc closewin levelup levelupmon nomonreq terrboost terrscale50 sacrscale sum0chance sum1chance planeloc setplayer fxreq squareench chooseterrloc updatehome failplayer raiseanimals farsummon randomloc chooseloc randterrloc randnewloc nofxherereq promotion rebatefx25 rebatefx50 newlocplanes nomonworldreq enchherereq newspell1 newspell2 newspell3 planeswap centercaster nofortreq fortreq setvar bentargvar bentargall unfollowtarg simulacrum hasportalreq rebateterr20 rebateterr50 forgetrits free nostart nodemon rarestart notforpoor start nexttoo noundead</Keywords>
            <Keywords name="Keywords5">newweapon selectweapon clearwspec trgrank range init dmgtype dmg aoe look sound flymode flylook flysound next nextdmg drain oneshot reload1 reload2 reload3 easymr mr hardmr an shieldneg strresist holykill affectundead mundane nostr drown affectanimal reanimate undead hardmorale mutate replicate yellow blue ethereal mind inanimate huge affecthuman flying arrow morale sweep fullsweep lob rangepen onlyenemy onlyfriend large ghoulify scatter poison dispossess affectmale stone</Keywords>
            <Keywords name="Keywords6">selectmonster newmonster copystats name spr1 spr2 descr copyspr hp mr str armor mor rank clearspec clearmove power startitem clearweapons meleeweapon meleeweaponbonus meleeweaponspec meleeweaponlong rangedweapon rangedweaponbonus rangedweapon25 rangedweapon50 spellweapon spellweaponbonus spellweapon50 spellweaponsingle siegeweapon assassinweapon prebatweapon lucky fireres coldres poisonres shockres diseaseres human undead animal inanimate holy immortal acutesenses spiritsight badsight stealth foreststealth invisible sleepres charmres bluntres slashres pierceres ethereal shield largeshield noheal fear berserker fastheal noleader regeneration rearpos allitemslots weaponslots noslots nobootslots miscslots nonmaginvul swallowres banishsurv size1x1 size2x2 unaging coldblood snowstealthy clumsy nozoc unimportant frontpos growhp shrinkhp firstshape secondshape classcost leadership localleadership burnforest randomitem randomweapon randommisc randomrare indepitem awe slavehunt armytrainer lookslike poisonexpl fireexpl shardexpl motherspawn more1spells more2spells more3spells eatvillage nametype unique loner gold iron trade fireaura coldaura shockaura poisonspikes aihold eatdead eatdeadcap scry scrycost immortalap digest incorporate hpoverflow spawnmon absorbdead airshield extraeyes look vengeance montag ctrlchance gatherherbs gatherfungus gathersacr gatherhands gatherweed gathergems gatherrelics mastery flying huge immobile slow fast swamp water float mountain noland wateronly swamp1 swamp2 desert1 desert2 deadforest1 deadforest2 mountain1 mountain2 jungle1 jungle2 money1 money2 horror forest1 forest2 stupid temple1 temple2 coastal loner south1 south2 passwall battlefast wall stationary winteridle snow nonruin1 teleport battleslow aggressive tunnel north1 gates1 void2 saner sensedead reformloc hideanimals mirror revertmirror phantasm releasephant releaserate troll noplanecamo homeplane allrit displaced riverdmg iceprot melt voidsanity planeshift aipowcom1 aipowcom2 aipowcom3 releasespell fear goldcarrier ironcarrier rebate makeruin meleeambush blesspierce poisoncloud mirrorammo affres wander infwander hadeswander maxsinners forestheart spread seduceaura fireres coldres shockres poisonres coldheal growtime growoffs localironbonus localgoldbonus neverturn aigoldrally thrallhunt ainofollower putridexpl aimaxshop maxsum farsight changetemp setcreator statue minorstartaff landshape watershape likestoburn reanimate spawnmon spawnoffs spawnmonaway spellrange spawn1d6mon spawn2d6mon diseasecloud mindexpl limitgold limitiron reformdestroy deployoutside hadesres stonebeing trample tramplexsize nocombat acidblood noeyes makecolony</Keywords>
            <Keywords name="Keywords7">selectclass newclass clearrec addunitrec addmercrec addcomrec templerec libraryrec reclimiter stdtroops nostdtroops recwizchance recherochance recasschance goldbonus ironbonus tradebonus reqterr clearstartunits addstartunits addstartcom setmaincom setclassname hometerr clearstartterr addstartterr classdescr libbonusdescr templebonusdescr</Keywords>
            <Keywords name="Keywords8">selectterr spr clearspec clearfort name gold iron trade herbs fungus weed sacr dead hands pop apcost citadel burnable water siegeable cave nostdrec ownable smoke goldboost ironboost tradeboost harvest invisible forest eastcoast deepspawn mountain melts nostart woodencitadel forestcitadel useable rare mine farsight nosight temple relic1 relic2 relicm1 relicm2 el settlement voidret library1 library2 hoburg snowok desertok invseason spreadcold earthgate airgate watergate firegate walls highwalls widebattlements woodengate irongate enchantedgate extracover sidegates widegate cavewalls tempimmune</Keywords>
            <Keywords name="Delimiters">00&quot; 01 02&quot; 03, 04 05, 06 07 08 09 10 11 12 13 14 15 16 17 18 19 20 21 22 23</Keywords>
        </KeywordLists>
        <Styles>
            <WordsStyle name="DEFAULT" fgColor="000000" bgColor="FFFFFF" fontName="" fontStyle="0" nesting="0" />
            <WordsStyle name="COMMENTS" fgColor="000000" bgColor="FFFFFF" fontName="" fontStyle="0" nesting="0" />
            <WordsStyle name="LINE COMMENTS" fgColor="008000" bgColor="FFFFFF" fontName="" fontStyle="0" nesting="0" />
            <WordsStyle name="NUMBERS" fgColor="FF0000" bgColor="FFFFFF" fontName="" fontStyle="0" nesting="0" />
            <WordsStyle name="KEYWORDS1" fgColor="0000FF" bgColor="FFFFFF" fontName="" fontStyle="1" nesting="0" />
            <WordsStyle name="KEYWORDS2" fgColor="0000FF" bgColor="FFFFFF" fontName="" fontStyle="1" nesting="0" />
            <WordsStyle name="KEYWORDS3" fgColor="0000FF" bgColor="FFFFFF" fontName="" fontStyle="1" nesting="0" />
            <WordsStyle name="KEYWORDS4" fgColor="0000FF" bgColor="FFFFFF" fontName="" fontStyle="1" nesting="0" />
            <WordsStyle name="KEYWORDS5" fgColor="0000FF" bgColor="FFFFFF" fontName="" fontStyle="1" nesting="0" />
            <WordsStyle name="KEYWORDS6" fgColor="0000FF" bgColor="FFFFFF" fontName="" fontStyle="1" nesting="0" />
            <WordsStyle name="KEYWORDS7" fgColor="0000FF" bgColor="FFFFFF" fontName="" fontStyle="1" nesting="0" />
            <WordsStyle name="KEYWORDS8" fgColor="0000FF" bgColor="FFFFFF" fontName="" fontStyle="1" nesting="0" />
            <WordsStyle name="OPERATORS" fgColor="FF00FF" bgColor="FFFFFF" fontName="" fontStyle="1" nesting="0" />
            <WordsStyle name="FOLDER IN CODE1" fgColor="000000" bgColor="FFFFFF" fontName="" fontStyle="1" nesting="0" />
            <WordsStyle name="FOLDER IN CODE2" fgColor="000000" bgColor="FFFFFF" fontName="" fontStyle="1" nesting="0" />
            <WordsStyle name="FOLDER IN COMMENT" fgColor="000000" bgColor="FFFFFF" fontName="" fontStyle="0" nesting="0" />
            <WordsStyle name="DELIMITERS1" fgColor="808080" bgColor="FFFFFF" fontName="" fontStyle="0" nesting="16777216" />
            <WordsStyle name="DELIMITERS2" fgColor="000000" bgColor="FFFFFF" fontName="" fontStyle="0" nesting="0" />
            <WordsStyle name="DELIMITERS3" fgColor="000000" bgColor="FFFFFF" fontName="" fontStyle="0" nesting="0" />
            <WordsStyle name="DELIMITERS4" fgColor="000000" bgColor="FFFFFF" fontName="" fontStyle="0" nesting="0" />
            <WordsStyle name="DELIMITERS5" fgColor="000000" bgColor="FFFFFF" fontName="" fontStyle="0" nesting="0" />
            <WordsStyle name="DELIMITERS6" fgColor="000000" bgColor="FFFFFF" fontName="" fontStyle="0" nesting="0" />
            <WordsStyle name="DELIMITERS7" fgColor="000000" bgColor="FFFFFF" fontName="" fontStyle="0" nesting="0" />
            <WordsStyle name="DELIMITERS8" fgColor="000000" bgColor="FFFFFF" fontName="" fontStyle="0" nesting="0" />
        </Styles>
    </UserLang>
</NotepadPlus>
